# author: Luis Alvarado Rivas, Oct 2024,,
# sample data for use with the plot_3vars.py file,,,
Problem Size,direct,vector,indirect
8388608,0.00193,0.00473,0.00759
16777216,0.00196,0.00629,0.05974
33554432,0.00194,0.01146,0.20877
67108864,0.00214,0.02012,0.89089
134217728,0.00235,0.038,3.04055
268435455,0.002,0.07294,2.2
